Model,Accuracy,F-Score
SGD,0.51,0.6711409395973155
ANN,0.51,0.6711409395973155
Decision Tree,0.71,0.6588235294117648
Light GBM,0.73,0.6582278481012658
Gradient Boosting,0.69,0.5753424657534246
Naive Bayes,0.6,0.5652173913043478
Extreme Gradient,0.64,0.4857142857142858
Random Forest,0.64,0.47058823529411764
Logistic Regression,0.57,0.31746031746031744
SVM,0.5,0.0
