Model,Accuracy,F-Score
Light GBM,0.78,0.7924528301886793
Extreme Gradient,0.77,0.7889908256880733
Gradient Boosting,0.75,0.7706422018348624
Random Forest,0.75,0.7474747474747474
Decision Tree,0.73,0.7378640776699028
Logistic Regression,0.62,0.5869565217391305
Naive Bayes,0.59,0.577319587628866
SVM,0.57,0.5274725274725274
SGD,0.53,0.4050632911392405
ANN,0.53,0.4050632911392405
