Model,Accuracy,F-Score
Decision Tree,0.72,0.6818181818181819
Light GBM,0.73,0.6582278481012658
Gradient Boosting,0.69,0.5753424657534246
Naive Bayes,0.6,0.5652173913043478
Random Forest,0.67,0.5352112676056339
Extreme Gradient,0.64,0.4857142857142858
Logistic Regression,0.57,0.31746031746031744
SGD,0.5,0.038461538461538464
ANN,0.5,0.038461538461538464
SVM,0.5,0.0
